{
  "model": "1",
  "algorithm": "flatzinc_pso",
  "runs": 10,
  "objective": {
    "count": 10,
    "best": 1.3916196310548785,
    "mean": 1.391619672743055,
    "std": 3.257477337948613e-08,
    "worst": 1.3916197271212356
  },
  "violation": {
    "count": 10,
    "best": 0.0009999475641802036,
    "mean": 0.0009999770516751604,
    "std": 1.7664225953346753e-08,
    "worst": 0.0009999996577993997
  }
}