{
  "model": "1",
  "algorithm": "flatzinc_pso",
  "runs": 50,
  "objective": {
    "count": 50,
    "best": 1.9990001401280602,
    "mean": 1.9990002155461197,
    "std": 5.922900150419318e-08,
    "worst": 1.9990003415519315
  },
  "violation": {
    "count": 50,
    "best": 0.0009997972806520816,
    "mean": 0.0009999233214707836,
    "std": 5.9245457054217026e-08,
    "worst": 0.000999998760484233
  }
}