{
  "model": "1",
  "algorithm": "flatzinc_pso",
  "runs": 50,
  "objective": {
    "count": 50,
    "best": 1.9990001595440965,
    "mean": 1.9990004628593532,
    "std": 3.2692339383996556e-07,
    "worst": 1.9990013191122236
  },
  "violation": {
    "count": 50,
    "best": 0.0009988194489278235,
    "mean": 0.0009996759395479303,
    "std": 3.2701418475006975e-07,
    "worst": 0.000999979339053103
  }
}