{
  "model": "1",
  "algorithm": "pso",
  "runs": 50,
  "objective": {
    "count": 50,
    "best": 1.3916196768055986,
    "mean": 1.391624954811991,
    "std": 3.303881334844856e-06,
    "worst": 1.3916306730058703
  },
  "violation": {
    "count": 50,
    "best": 0.0009940119956013405,
    "mean": 0.0009971127673996305,
    "std": 1.7915795375097333e-06,
    "worst": 0.0009999748486915205
  }
}