{
  "model": "1",
  "algorithm": "pso",
  "runs": 10,
  "objective": {
    "count": 10,
    "best": 1.3916196850835494,
    "mean": 1.3916201485382451,
    "std": 2.591235628885965e-07,
    "worst": 1.391620458292173
  },
  "violation": {
    "count": 10,
    "best": 0.0009995510743991964,
    "mean": 0.000999719043680658,
    "std": 1.4051413055677514e-07,
    "worst": 0.0009999703598315701
  }
}