{
  "model": "1",
  "algorithm": "pso",
  "runs": 50,
  "objective": {
    "count": 50,
    "best": 1.3916196850835494,
    "mean": 1.391620174849742,
    "std": 5.876994610921288e-07,
    "worst": 1.3916226678177592
  },
  "violation": {
    "count": 50,
    "best": 0.0009983529231434307,
    "mean": 0.000999704775882946,
    "std": 3.18689729053124e-07,
    "worst": 0.0009999703598315701
  }
}