{
  "model": "2",
  "algorithm": "flatzinc_pso",
  "runs": 50,
  "objective": {
    "count": 50,
    "best": -6946.518928487624,
    "mean": -6922.012718776916,
    "std": 21.04711852439564,
    "worst": -6875.384547029369
  },
  "violation": {
    "count": 50,
    "best": 0.0,
    "mean": 0.0,
    "std": 0.0,
    "worst": 0.0
  }
}