{
  "model": "2",
  "algorithm": "pso",
  "runs": 50,
  "objective": {
    "count": 50,
    "best": -6953.812439887225,
    "mean": -6904.062548519081,
    "std": 36.17387491632098,
    "worst": -6832.618273404266
  },
  "violation": {
    "count": 50,
    "best": 0.0,
    "mean": 0.0,
    "std": 0.0,
    "worst": 0.0
  }
}