{
  "model": "2",
  "algorithm": "pso",
  "runs": 50,
  "objective": {
    "count": 50,
    "best": -6938.068941239173,
    "mean": -6834.093858006246,
    "std": 55.98192560498724,
    "worst": -6724.319562585819
  },
  "violation": {
    "count": 50,
    "best": 0.0,
    "mean": 1.581880845407113e-05,
    "std": 6.324832535926659e-05,
    "worst": 0.0002636468075678522
  }
}