{
  "model": "2",
  "algorithm": "pso",
  "runs": 10,
  "objective": {
    "count": 10,
    "best": -6886.294434731613,
    "mean": -6796.262394804906,
    "std": 59.512019903323264,
    "worst": -6724.319562585819
  },
  "violation": {
    "count": 10,
    "best": 0.0,
    "mean": 0.0,
    "std": 0.0,
    "worst": 0.0
  }
}