{
  "model": "6",
  "algorithm": "flatzinc_pso",
  "runs": 10,
  "objective": {
    "count": 10,
    "best": -211.50104999550862,
    "mean": -211.5010499883085,
    "std": 8.911546585027303e-09,
    "worst": -211.50104996585654
  },
  "violation": {
    "count": 10,
    "best": 0.0009999674824214821,
    "mean": 0.0009999888652284738,
    "std": 8.48718774132477e-09,
    "worst": 0.0009999957225019784
  }
}