{
  "model": "6",
  "algorithm": "flatzinc_pso",
  "runs": 50,
  "objective": {
    "count": 50,
    "best": -211.50104999984217,
    "mean": -211.5010499906666,
    "std": 6.0082042688083415e-09,
    "worst": -211.50104996962565
  },
  "violation": {
    "count": 50,
    "best": 0.0009999710720585142,
    "mean": 0.0009999911110306669,
    "std": 5.722096019729718e-09,
    "worst": 0.0009999998496716955
  }
}