{
  "model": "6",
  "algorithm": "flatzinc_pso",
  "runs": 50,
  "objective": {
    "count": 50,
    "best": -211.5010499998677,
    "mean": -211.50104998842485,
    "std": 9.962369915922045e-09,
    "worst": -211.50104996585654
  },
  "violation": {
    "count": 50,
    "best": 0.0009999674824214821,
    "mean": 0.0009999889760661062,
    "std": 9.487972493513694e-09,
    "worst": 0.0009999998739935734
  }
}