{
  "model": "6",
  "algorithm": "pso",
  "runs": 50,
  "objective": {
    "count": 50,
    "best": -211.50104999931108,
    "mean": -211.50104994115253,
    "std": 9.480742131856089e-08,
    "worst": -211.50104972205966
  },
  "violation": {
    "count": 50,
    "best": 0.0009997352949220328,
    "mean": 0.0009999439548003864,
    "std": 9.029277982295018e-08,
    "worst": 0.00099999934388606
  }
}