{
  "model": "6",
  "algorithm": "pso",
  "runs": 10,
  "objective": {
    "count": 10,
    "best": -211.50104999653038,
    "mean": -211.50104970186442,
    "std": 2.817624603817073e-07,
    "worst": -211.50104910410687
  },
  "violation": {
    "count": 10,
    "best": 0.0009991467684571376,
    "mean": 0.0009997160613352206,
    "std": 2.683451938777371e-07,
    "worst": 0.0009999966955973605
  }
}