{
  "model": "6",
  "algorithm": "pso",
  "runs": 50,
  "objective": {
    "count": 50,
    "best": -211.50104999653038,
    "mean": -211.501049681428,
    "std": 2.796930767302027e-07,
    "worst": -211.50104906904858
  },
  "violation": {
    "count": 50,
    "best": 0.0009991133796027896,
    "mean": 0.000999696598085933,
    "std": 2.6637435741361254e-07,
    "worst": 0.0009999966955973605
  }
}