{
  "model": "g01",
  "algorithm": "pso",
  "runs": 50,
  "objective": {
    "count": 50,
    "best": -14.825331922637876,
    "mean": -12.887076287751443,
    "std": 1.2511080952730085,
    "worst": -11.935896433868974
  },
  "violation": {
    "count": 50,
    "best": 0.0,
    "mean": 2.743670857579872e-05,
    "std": 0.00013577649498784032,
    "worst": 0.000685917714394968
  }
}