{
  "model": "g01",
  "algorithm": "flatzinc_pso",
  "runs": 10,
  "objective": {
    "count": 10,
    "best": -14.994884979576305,
    "mean": -14.916067446232438,
    "std": 0.04929040525603865,
    "worst": -14.826483274348558
  },
  "violation": {
    "count": 10,
    "best": 0.0,
    "mean": 5.930399089582039e-05,
    "std": 7.776510524261592e-05,
    "worst": 0.0001687065802458143
  }
}