{
  "model": "g01",
  "algorithm": "flatzinc_pso",
  "runs": 50,
  "objective": {
    "count": 50,
    "best": -14.994884979576305,
    "mean": -14.860421114075697,
    "std": 0.18268010693683365,
    "worst": -13.670774566145766
  },
  "violation": {
    "count": 50,
    "best": 0.0,
    "mean": 2.453946047857869e-05,
    "std": 5.735835632249485e-05,
    "worst": 0.0001687065802458143
  }
}