{
  "model": "g01",
  "algorithm": "pso",
  "runs": 10,
  "objective": {
    "count": 10,
    "best": -14.885127361995192,
    "mean": -14.807661702530437,
    "std": 0.07914359872368401,
    "worst": -14.696631373095187
  },
  "violation": {
    "count": 10,
    "best": 0.0,
    "mean": 0.0,
    "std": 0.0,
    "worst": 0.0
  }
}