{
  "model": "g01",
  "algorithm": "flatzinc_pso",
  "runs": 50,
  "objective": {
    "count": 50,
    "best": -14.892499697980755,
    "mean": -13.025399899133124,
    "std": 1.3678643874531635,
    "worst": -10.73160135475305
  },
  "violation": {
    "count": 50,
    "best": 0.0,
    "mean": 0.0001618030544284199,
    "std": 0.0002896654097395791,
    "worst": 0.0009972481417301893
  }
}