{
  "model": "g01",
  "algorithm": "pso",
  "runs": 50,
  "objective": {
    "count": 50,
    "best": -14.969295187983892,
    "mean": -14.84255047695762,
    "std": 0.06981587521210905,
    "worst": -14.696631373095187
  },
  "violation": {
    "count": 50,
    "best": 0.0,
    "mean": 0.0,
    "std": 0.0,
    "worst": 0.0
  }
}