{
  "model": "g02",
  "algorithm": "pso",
  "runs": 50,
  "objective": {
    "count": 50,
    "best": -0.33972240419201355,
    "mean": -0.29852367793234,
    "std": 0.028148932348716526,
    "worst": -0.24054675470052228
  },
  "violation": {
    "count": 50,
    "best": 0.0,
    "mean": 0.0,
    "std": 0.0,
    "worst": 0.0
  }
}