{
  "model": "g02",
  "algorithm": "flatzinc_pso",
  "runs": 50,
  "objective": {
    "count": 50,
    "best": -0.5111852126615133,
    "mean": -0.34118443403790955,
    "std": 0.09068508699895929,
    "worst": -0.2379514425712148
  },
  "violation": {
    "count": 50,
    "best": 0.0,
    "mean": 0.0,
    "std": 0.0,
    "worst": 0.0
  }
}