{
  "model": "g02",
  "algorithm": "pso",
  "runs": 10,
  "objective": {
    "count": 10,
    "best": -0.2804194460332214,
    "mean": -0.2545016829195989,
    "std": 0.01899788083716413,
    "worst": -0.2324625608587855
  },
  "violation": {
    "count": 10,
    "best": 0.0,
    "mean": 0.0,
    "std": 0.0,
    "worst": 0.0
  }
}