{
  "model": "g02",
  "algorithm": "flatzinc_pso",
  "runs": 50,
  "objective": {
    "count": 50,
    "best": -0.5111852126615133,
    "mean": -0.3216067959950333,
    "std": 0.07325850392163193,
    "worst": -0.25386924142314726
  },
  "violation": {
    "count": 50,
    "best": 0.0,
    "mean": 0.0,
    "std": 0.0,
    "worst": 0.0
  }
}