{
  "model": "g02",
  "algorithm": "flatzinc_pso",
  "runs": 50,
  "objective": {
    "count": 50,
    "best": -0.3453201641377537,
    "mean": -0.28136146941983287,
    "std": 0.03325493973171454,
    "worst": -0.22654803956131284
  },
  "violation": {
    "count": 50,
    "best": 0.0,
    "mean": 0.0,
    "std": 0.0,
    "worst": 0.0
  }
}