{
  "model": "g02",
  "algorithm": "pso",
  "runs": 50,
  "objective": {
    "count": 50,
    "best": -0.3343028333511548,
    "mean": -0.3030430991562753,
    "std": 0.028225084093295633,
    "worst": -0.24054675470052228
  },
  "violation": {
    "count": 50,
    "best": 0.0,
    "mean": 0.0,
    "std": 0.0,
    "worst": 0.0
  }
}