{
  "model": "g02",
  "algorithm": "pso",
  "runs": 50,
  "objective": {
    "count": 50,
    "best": -0.34129424988737567,
    "mean": -0.29848120385671467,
    "std": 0.03082002630247551,
    "worst": -0.24054675470052228
  },
  "violation": {
    "count": 50,
    "best": 0.0,
    "mean": 0.0,
    "std": 0.0,
    "worst": 0.0
  }
}