{
  "model": "g02",
  "algorithm": "flatzinc_pso",
  "runs": 10,
  "objective": {
    "count": 10,
    "best": -0.12593685964007764,
    "mean": -0.09720386786827698,
    "std": 0.020476691869912057,
    "worst": -0.06508017657078416
  },
  "violation": {
    "count": 10,
    "best": 0.000170281986999521,
    "mean": 0.000785526180429963,
    "std": 0.00043364957504229854,
    "worst": 0.0016767572372804352
  }
}