{
  "model": "g03",
  "algorithm": "pso",
  "runs": 10,
  "objective": {
    "count": 10,
    "best": -0.9050921351789916,
    "mean": -0.8760797781762156,
    "std": 0.02320655716224658,
    "worst": -0.8351046516971091
  },
  "violation": {
    "count": 10,
    "best": 3.474140656689606e-05,
    "mean": 0.00034689380501988775,
    "std": 0.00025670783185328337,
    "worst": 0.0007884479090332075
  }
}