{
  "model": "g03",
  "algorithm": "flatzinc_pso",
  "runs": 10,
  "objective": {
    "count": 10,
    "best": -0.9615113210674165,
    "mean": -0.9384632742835242,
    "std": 0.025877124506033525,
    "worst": -0.8852741976123271
  },
  "violation": {
    "count": 10,
    "best": 1.4834945981079346e-05,
    "mean": 0.0004304373134390583,
    "std": 0.00032695703176996134,
    "worst": 0.0007740961434597904
  }
}