{
  "model": "g03",
  "algorithm": "pso",
  "runs": 50,
  "objective": {
    "count": 50,
    "best": -0.947110227427648,
    "mean": -0.7854538701701249,
    "std": 0.09448849607334202,
    "worst": -0.561954027913398
  },
  "violation": {
    "count": 50,
    "best": 4.634399383807164e-06,
    "mean": 0.00043281065482247527,
    "std": 0.00028219461669677377,
    "worst": 0.0009447970525037208
  }
}