{
  "model": "g03",
  "algorithm": "flatzinc_pso",
  "runs": 50,
  "objective": {
    "count": 50,
    "best": -0.9615113210674165,
    "mean": -0.9366171064522514,
    "std": 0.02026700754805449,
    "worst": -0.8852741976123271
  },
  "violation": {
    "count": 50,
    "best": 1.4834945981079346e-05,
    "mean": 0.0005371697100450224,
    "std": 0.00030848801773605524,
    "worst": 0.0009153119881370908
  }
}