{
  "model": "g03",
  "algorithm": "flatzinc_pso",
  "runs": 50,
  "objective": {
    "count": 50,
    "best": -0.955937570822521,
    "mean": -0.8951776580834149,
    "std": 0.047682826088613905,
    "worst": -0.7745584239933179
  },
  "violation": {
    "count": 50,
    "best": 1.0975120765754909e-05,
    "mean": 0.00042605838255526995,
    "std": 0.0003730081271124326,
    "worst": 0.0009933578990384273
  }
}