{
  "model": "g03",
  "algorithm": "pso",
  "runs": 50,
  "objective": {
    "count": 50,
    "best": -0.9050921351789916,
    "mean": -0.8620450884658767,
    "std": 0.028800711372848883,
    "worst": -0.8000717043869813
  },
  "violation": {
    "count": 50,
    "best": 1.3732720664960674e-05,
    "mean": 0.0004073348888912287,
    "std": 0.00026682989734315616,
    "worst": 0.0009246014029840044
  }
}