{
  "model": "g04",
  "algorithm": "flatzinc_pso",
  "runs": 50,
  "objective": {
    "count": 50,
    "best": -30665.94908830528,
    "mean": -30664.123747069283,
    "std": 1.5120414235066055,
    "worst": -30658.97969839784
  },
  "violation": {
    "count": 50,
    "best": 0.0,
    "mean": 0.0005049240012609247,
    "std": 0.00031999525328077217,
    "worst": 0.0008661969550676218
  }
}