{
  "model": "g04",
  "algorithm": "flatzinc_pso",
  "runs": 50,
  "objective": {
    "count": 50,
    "best": -30666.331126883648,
    "mean": -30665.387514745264,
    "std": 0.6654613584429425,
    "worst": -30663.801970857876
  },
  "violation": {
    "count": 50,
    "best": 0.0,
    "mean": 0.000575380807603132,
    "std": 0.00026436937288614257,
    "worst": 0.0009992312770048528
  }
}