{
  "model": "g04",
  "algorithm": "pso",
  "runs": 10,
  "objective": {
    "count": 10,
    "best": -30665.43032957876,
    "mean": -30661.907855185702,
    "std": 3.797218868793182,
    "worst": -30654.468092881874
  },
  "violation": {
    "count": 10,
    "best": 0.0,
    "mean": 0.00023460478398504848,
    "std": 0.0002465036055153721,
    "worst": 0.00048590897356959317
  }
}