{
  "model": "g04",
  "algorithm": "pso",
  "runs": 50,
  "objective": {
    "count": 50,
    "best": -30665.43032957876,
    "mean": -30660.28112100517,
    "std": 3.3796872209262374,
    "worst": -30652.900026649328
  },
  "violation": {
    "count": 50,
    "best": 0.0,
    "mean": 0.0001707965603745265,
    "std": 0.0002862107318491945,
    "worst": 0.0009950937093812229
  }
}