{
  "model": "g04",
  "algorithm": "pso",
  "runs": 50,
  "objective": {
    "count": 50,
    "best": -30666.22611804735,
    "mean": -30664.475781230813,
    "std": 1.0969188468844409,
    "worst": -30662.465763663713
  },
  "violation": {
    "count": 50,
    "best": 0.0,
    "mean": 0.00031909321003652734,
    "std": 0.0003259584722719941,
    "worst": 0.0009572549523113594
  }
}