{
  "model": "g04",
  "algorithm": "flatzinc_pso",
  "runs": 10,
  "objective": {
    "count": 10,
    "best": -30665.83229793603,
    "mean": -30664.29278106224,
    "std": 1.3961398626255015,
    "worst": -30661.336068134126
  },
  "violation": {
    "count": 10,
    "best": 0.0,
    "mean": 0.0005705770136357202,
    "std": 0.0002782606650105408,
    "worst": 0.0008486360195991693
  }
}