{
  "model": "g05",
  "algorithm": "pso",
  "runs": 50,
  "objective": {
    "count": 50,
    "best": 5118.33321623475,
    "mean": 5861.913963672623,
    "std": 373.122741032676,
    "worst": 6116.902242995807
  },
  "violation": {
    "count": 50,
    "best": 0.794333904824839,
    "mean": 2.361325556076608,
    "std": 1.526515882225189,
    "worst": 5.317928591433542
  }
}