{
  "model": "g05",
  "algorithm": "pso",
  "runs": 10,
  "objective": {
    "count": 10,
    "best": 5118.068520622607,
    "mean": 5415.777562957699,
    "std": 398.13741057767334,
    "worst": 6108.4238163273585
  },
  "violation": {
    "count": 10,
    "best": 1.7707735271047795,
    "mean": 3.293130117912733,
    "std": 1.1716919410555136,
    "worst": 5.113561103553707
  }
}