{
  "model": "g05",
  "algorithm": "flatzinc_pso",
  "runs": 10,
  "objective": {
    "count": 10,
    "best": 5121.031857637126,
    "mean": 5379.125596992285,
    "std": 289.2048753789215,
    "worst": 5723.941700943817
  },
  "violation": {
    "count": 10,
    "best": 0.9155222118498998,
    "mean": 2.5746666050802722,
    "std": 1.522908071791724,
    "worst": 4.546055895775377
  }
}