{
  "model": "g05",
  "algorithm": "pso",
  "runs": 50,
  "objective": {
    "count": 50,
    "best": 5118.068520622607,
    "mean": 5372.860016399254,
    "std": 319.0081779676254,
    "worst": 6108.4238163273585
  },
  "violation": {
    "count": 50,
    "best": 1.0097329639198571,
    "mean": 4.07640481518951,
    "std": 1.138984403769013,
    "worst": 5.9697294991220815
  }
}