{
  "model": "g05",
  "algorithm": "flatzinc_pso",
  "runs": 50,
  "objective": {
    "count": 50,
    "best": 5115.734489176219,
    "mean": 5860.151774273834,
    "std": 395.9400298208737,
    "worst": 6117.01961824534
  },
  "violation": {
    "count": 50,
    "best": 0.908673542309316,
    "mean": 1.765494487391627,
    "std": 0.8458378685649302,
    "worst": 4.600816687828001
  }
}