{
  "model": "g05",
  "algorithm": "flatzinc_pso",
  "runs": 50,
  "objective": {
    "count": 50,
    "best": 5121.031857637126,
    "mean": 5367.513063369284,
    "std": 285.0683990964212,
    "worst": 5831.497809492267
  },
  "violation": {
    "count": 50,
    "best": 0.9155222118498998,
    "mean": 2.507293586184599,
    "std": 1.107113298504389,
    "worst": 4.546055895775377
  }
}