{
  "model": "g06",
  "algorithm": "pso",
  "runs": 50,
  "objective": {
    "count": 50,
    "best": -6935.070994245235,
    "mean": -6844.547318246622,
    "std": 52.052587099698925,
    "worst": -6701.374483113006
  },
  "violation": {
    "count": 50,
    "best": 0.0,
    "mean": 0.0,
    "std": 0.0,
    "worst": 0.0
  }
}