{
  "model": "g06",
  "algorithm": "pso",
  "runs": 50,
  "objective": {
    "count": 50,
    "best": -6953.812439887225,
    "mean": -6904.423345019048,
    "std": 34.98140913745487,
    "worst": -6832.618273404266
  },
  "violation": {
    "count": 50,
    "best": 0.0,
    "mean": 2.733451954100019e-05,
    "std": 0.00013527079041570467,
    "worst": 0.0006833629885250048
  }
}