{
  "model": "g06",
  "algorithm": "flatzinc_pso",
  "runs": 50,
  "objective": {
    "count": 50,
    "best": -6951.375875313369,
    "mean": -6911.313825860986,
    "std": 30.816027921959307,
    "worst": -6820.164622927577
  },
  "violation": {
    "count": 50,
    "best": 0.0,
    "mean": 0.0,
    "std": 0.0,
    "worst": 0.0
  }
}