{
  "model": "g06",
  "algorithm": "flatzinc_pso",
  "runs": 50,
  "objective": {
    "count": 50,
    "best": -6951.099140632297,
    "mean": -6922.20207575285,
    "std": 20.96666646159484,
    "worst": -6890.125119878333
  },
  "violation": {
    "count": 50,
    "best": 0.0,
    "mean": 5.107367320249523e-06,
    "std": 3.611454066159003e-05,
    "worst": 0.00025536836601247614
  }
}