{
  "model": "g06",
  "algorithm": "pso",
  "runs": 10,
  "objective": {
    "count": 10,
    "best": -6938.068941239173,
    "mean": -6833.35578322299,
    "std": 59.45096423064701,
    "worst": -6765.230516311718
  },
  "violation": {
    "count": 10,
    "best": 0.0,
    "mean": 2.636468075678522e-05,
    "std": 8.337244097465306e-05,
    "worst": 0.0002636468075678522
  }
}