{
  "model": "g07",
  "algorithm": "flatzinc_pso",
  "runs": 50,
  "objective": {
    "count": 50,
    "best": 32.896268684652455,
    "mean": 71.29025296617347,
    "std": 48.34686026445919,
    "worst": 192.6277553642642
  },
  "violation": {
    "count": 50,
    "best": 0.0,
    "mean": 3.126388037344441e-15,
    "std": 5.946559974695451e-15,
    "worst": 1.4210854715202004e-14
  }
}