{
  "model": "g07",
  "algorithm": "pso",
  "runs": 50,
  "objective": {
    "count": 50,
    "best": 38.072463862097834,
    "mean": 48.0617389484671,
    "std": 4.75996326329463,
    "worst": 60.67633594206974
  },
  "violation": {
    "count": 50,
    "best": 0.0,
    "mean": 0.0,
    "std": 0.0,
    "worst": 0.0
  }
}