{
  "model": "g07",
  "algorithm": "flatzinc_pso",
  "runs": 50,
  "objective": {
    "count": 50,
    "best": 36.05111164348381,
    "mean": 44.93695296206756,
    "std": 7.464072356657636,
    "worst": 63.42521040904042
  },
  "violation": {
    "count": 50,
    "best": 0.0,
    "mean": 0.0,
    "std": 0.0,
    "worst": 0.0
  }
}