{
  "model": "g07",
  "algorithm": "pso",
  "runs": 50,
  "objective": {
    "count": 50,
    "best": 33.60709551489349,
    "mean": 47.0940148011955,
    "std": 21.525924703901513,
    "worst": 145.3737513135835
  },
  "violation": {
    "count": 50,
    "best": 0.0,
    "mean": 0.0,
    "std": 0.0,
    "worst": 0.0
  }
}