{
  "model": "g08",
  "algorithm": "pso",
  "runs": 50,
  "objective": {
    "count": 50,
    "best": -0.09582503540721671,
    "mean": -0.09582379828049664,
    "std": 1.2595321131302011e-06,
    "worst": -0.09582141581137288
  },
  "violation": {
    "count": 50,
    "best": 0.0,
    "mean": 0.0,
    "std": 0.0,
    "worst": 0.0
  }
}