{
  "model": "g08",
  "algorithm": "flatzinc_pso",
  "runs": 50,
  "objective": {
    "count": 50,
    "best": -0.0958250217487553,
    "mean": -0.0958246752035969,
    "std": 4.6671568936698403e-07,
    "worst": -0.09582319941919949
  },
  "violation": {
    "count": 50,
    "best": 0.0,
    "mean": 0.0,
    "std": 0.0,
    "worst": 0.0
  }
}