{
  "model": "g08",
  "algorithm": "flatzinc_pso",
  "runs": 10,
  "objective": {
    "count": 10,
    "best": -0.09582501510868453,
    "mean": -0.09582484167258376,
    "std": 1.1611094830858614e-07,
    "worst": -0.0958247116923243
  },
  "violation": {
    "count": 10,
    "best": 0.0,
    "mean": 0.0,
    "std": 0.0,
    "worst": 0.0
  }
}