{
  "model": "g08",
  "algorithm": "pso",
  "runs": 50,
  "objective": {
    "count": 50,
    "best": -0.09582501502400727,
    "mean": -0.0958244270229731,
    "std": 8.399181566674314e-07,
    "worst": -0.09581959223190283
  },
  "violation": {
    "count": 50,
    "best": 0.0,
    "mean": 0.0,
    "std": 0.0,
    "worst": 0.0
  }
}