{
  "model": "g08",
  "algorithm": "pso",
  "runs": 10,
  "objective": {
    "count": 10,
    "best": -0.09582501502400727,
    "mean": -0.09582440195666929,
    "std": 4.331986423133475e-07,
    "worst": -0.09582363704463107
  },
  "violation": {
    "count": 10,
    "best": 0.0,
    "mean": 0.0,
    "std": 0.0,
    "worst": 0.0
  }
}