{
  "model": "g08",
  "algorithm": "flatzinc_pso",
  "runs": 50,
  "objective": {
    "count": 50,
    "best": -0.09582502861296972,
    "mean": -0.09582490612393962,
    "std": 1.2551928192361268e-07,
    "worst": -0.09582459841111525
  },
  "violation": {
    "count": 50,
    "best": 0.0,
    "mean": 0.0,
    "std": 0.0,
    "worst": 0.0
  }
}