{
  "model": "g09",
  "algorithm": "flatzinc_pso",
  "runs": 50,
  "objective": {
    "count": 50,
    "best": 685.5723283240839,
    "mean": 689.0399967971986,
    "std": 2.833256755202546,
    "worst": 698.4439955885169
  },
  "violation": {
    "count": 50,
    "best": 0.0,
    "mean": 0.0,
    "std": 0.0,
    "worst": 0.0
  }
}