{
  "model": "g09",
  "algorithm": "pso",
  "runs": 50,
  "objective": {
    "count": 50,
    "best": 685.1522019235807,
    "mean": 689.3705525285637,
    "std": 2.846462091643775,
    "worst": 702.0946413491577
  },
  "violation": {
    "count": 50,
    "best": 0.0,
    "mean": 0.0,
    "std": 0.0,
    "worst": 0.0
  }
}