{
  "model": "g09",
  "algorithm": "flatzinc_pso",
  "runs": 50,
  "objective": {
    "count": 50,
    "best": 684.6135791627377,
    "mean": 687.720735812369,
    "std": 1.6337110408670978,
    "worst": 691.6110405482998
  },
  "violation": {
    "count": 50,
    "best": 0.0,
    "mean": 0.0,
    "std": 0.0,
    "worst": 0.0
  }
}