{
  "model": "g09",
  "algorithm": "pso",
  "runs": 50,
  "objective": {
    "count": 50,
    "best": 687.4791705537938,
    "mean": 692.2578990198188,
    "std": 3.4424860053792936,
    "worst": 698.8210393036283
  },
  "violation": {
    "count": 50,
    "best": 0.0,
    "mean": 0.0,
    "std": 0.0,
    "worst": 0.0
  }
}