{
  "model": "g10",
  "algorithm": "flatzinc_pso",
  "runs": 10,
  "objective": {
    "count": 10,
    "best": 10166.609109231307,
    "mean": 13331.680862290888,
    "std": 2569.2820960193153,
    "worst": 18355.43133913449
  },
  "violation": {
    "count": 10,
    "best": 0.0,
    "mean": 6.361448606113651e-05,
    "std": 0.00020116666813422475,
    "worst": 0.0006361448606113651
  }
}