{
  "model": "g10",
  "algorithm": "pso",
  "runs": 50,
  "objective": {
    "count": 50,
    "best": 8283.200438989597,
    "mean": 10026.341009638643,
    "std": 1930.894684478823,
    "worst": 18502.5402679977
  },
  "violation": {
    "count": 50,
    "best": 0.0,
    "mean": 1.5066869748721069e-05,
    "std": 6.026215617548069e-05,
    "worst": 0.00026005519151417467
  }
}