{
  "model": "g10",
  "algorithm": "flatzinc_pso",
  "runs": 50,
  "objective": {
    "count": 50,
    "best": 8015.163034121932,
    "mean": 12657.794792454857,
    "std": 4229.005093626232,
    "worst": 23462.648896204875
  },
  "violation": {
    "count": 50,
    "best": 0.0,
    "mean": 3.800244478766146e-05,
    "std": 0.0001321023773478792,
    "worst": 0.0005536022250463013
  }
}