{
  "model": "g10",
  "algorithm": "flatzinc_pso",
  "runs": 50,
  "objective": {
    "count": 50,
    "best": 8900.229897598467,
    "mean": 11905.457668121539,
    "std": 2923.5161223589985,
    "worst": 19406.905514498238
  },
  "violation": {
    "count": 50,
    "best": 0.0,
    "mean": 0.0,
    "std": 0.0,
    "worst": 0.0
  }
}