{
  "model": "g10",
  "algorithm": "pso",
  "runs": 50,
  "objective": {
    "count": 50,
    "best": 9112.368664090125,
    "mean": 11685.389856163983,
    "std": 1236.4845760617563,
    "worst": 16262.849604365854
  },
  "violation": {
    "count": 50,
    "best": 0.0,
    "mean": 9.804071303989304e-06,
    "std": 6.932525302287275e-05,
    "worst": 0.0004902035651994652
  }
}