{
  "model": "g11",
  "algorithm": "pso",
  "runs": 50,
  "objective": {
    "count": 50,
    "best": 0.7490206158283673,
    "mean": 0.7491006107457896,
    "std": 7.997324204627651e-05,
    "worst": 0.7492154620901218
  },
  "violation": {
    "count": 50,
    "best": 0.0008074060378894243,
    "mean": 0.0009225337437292991,
    "std": 6.666413679155065e-05,
    "worst": 0.000999723216866255
  }
}