{
  "model": "g11",
  "algorithm": "pso",
  "runs": 10,
  "objective": {
    "count": 10,
    "best": 0.7490206158283673,
    "mean": 0.7490830462773188,
    "std": 7.77806427850613e-05,
    "worst": 0.7492154620901218
  },
  "violation": {
    "count": 10,
    "best": 0.0008329622305173201,
    "mean": 0.0009412477203333602,
    "std": 6.577444880942006e-05,
    "worst": 0.0009924686735264254
  }
}