{
  "model": "g11",
  "algorithm": "flatzinc_pso",
  "runs": 50,
  "objective": {
    "count": 50,
    "best": 0.75,
    "mean": 0.7500000000000019,
    "std": 2.096560316875184e-15,
    "worst": 0.7500000000000097
  },
  "violation": {
    "count": 50,
    "best": 0.0,
    "mean": 0.0,
    "std": 0.0,
    "worst": 0.0
  }
}