{
  "model": "g11",
  "algorithm": "pso",
  "runs": 50,
  "objective": {
    "count": 50,
    "best": 0.749011216969195,
    "mean": 0.7491267617676826,
    "std": 0.00010235311557484765,
    "worst": 0.7493371968840392
  },
  "violation": {
    "count": 50,
    "best": 0.0006683271986328565,
    "mean": 0.0009269783064117764,
    "std": 8.313606302686004e-05,
    "worst": 0.0009998000308490407
  }
}