{
  "model": "g12",
  "algorithm": "pso",
  "runs": 50,
  "objective": {
    "count": 50,
    "best": -0.9999970149615564,
    "mean": -0.9999423304823751,
    "std": 0.00010346225843528983,
    "worst": -0.9996889144751012
  },
  "violation": {
    "count": 50,
    "best": 0.0,
    "mean": 0.0,
    "std": 0.0,
    "worst": 0.0
  }
}