{
  "model": "g12",
  "algorithm": "flatzinc_pso",
  "runs": 50,
  "objective": {
    "count": 50,
    "best": -0.9999999239809176,
    "mean": -0.9999963507042229,
    "std": 3.5349163264554936e-06,
    "worst": -0.9999838113583996
  },
  "violation": {
    "count": 50,
    "best": 0.0,
    "mean": 0.0,
    "std": 0.0,
    "worst": 0.0
  }
}