{
  "model": "g12",
  "algorithm": "pso",
  "runs": 10,
  "objective": {
    "count": 10,
    "best": -0.9999962035271714,
    "mean": -0.9999832309664787,
    "std": 1.0373142459047653e-05,
    "worst": -0.9999592408427342
  },
  "violation": {
    "count": 10,
    "best": 0.0,
    "mean": 0.0,
    "std": 0.0,
    "worst": 0.0
  }
}